{
    "$schema": "http://schema.management.azure.com/schemas/2015-01-01/deploymentTemplate.json#",
    "contentVersion": "1.0.0.0",
    "parameters": {
        "factoryName": {
            "type": "string",
            "metadata": "Data Factory name",
            "defaultValue": "myADFforAssessments"
        },
        "myDatabase_password": {
            "type": "secureString",
            "metadata": "Secure string for 'password' of 'myDatabase'"
        },
        "myStorageAccount_connectionString": {
            "type": "secureString",
            "metadata": "Secure string for 'connectionString' of 'myStorageAccount'"
        },
        "myDatabaseAZ_connectionString": {
            "type": "secureString",
            "metadata": "Secure string for 'connectionString' of 'myDatabaseAZ'"
        },
        "myAzureDataLakeStorage_accountKey": {
            "type": "secureString",
            "metadata": "Secure string for 'accountKey' of 'myAzureDataLakeStorage'"
        },
        "myDatabase_properties_typeProperties_server": {
            "type": "string",
            "defaultValue": "localhost"
        },
        "myDatabase_properties_typeProperties_database": {
            "type": "string",
            "defaultValue": "semarchy_lm"
        },
        "myDatabase_properties_typeProperties_username": {
            "type": "string",
            "defaultValue": "dbadmin"
        },
        "json_Users_properties_typeProperties_url": {
            "type": "string",
            "defaultValue": "https://jsonplaceholder.typicode.com/users"
        },
        "weather_api_properties_typeProperties_url": {
            "type": "string",
            "defaultValue": "https://api.openweathermap.org/data/2.5/weather"
        },
        "myKeyVault_properties_typeProperties_baseUrl": {
            "type": "string",
            "defaultValue": "https://myKeyVault895.vault.azure.net/"
        },
        "myAzureDataLakeStorage_properties_typeProperties_url": {
            "type": "string",
            "defaultValue": "https://mystorageaccount347.dfs.core.windows.net/"
        },
        "containerUri": {
            "type": "string",
            "metadata": "URI to storage account containing linked ARM templates"
        },
        "containerSasToken": {
            "type": "string",
            "metadata": "Sas token to storage account containing linked ARM templates"
        }
    },
    "variables": {
        "factoryId": "[concat('Microsoft.DataFactory/factories/', parameters('factoryName'))]"
    },
    "resources": [
        {
            "name": "myADFforAssessments_ArmTemplate_0",
            "type": "Microsoft.Resources/deployments",
            "apiVersion": "2018-02-01",
            "properties": {
                "mode": "incremental",
                "templateLink": {
                    "uri": "[concat(parameters('containerUri'), '/ArmTemplate_0.json', parameters('containerSasToken'))]",
                    "contentVersion": "1.0.0.0"
                },
                "parameters": {
                    "factoryName": {
                        "value": "[parameters('factoryName')]"
                    },
                    "myStorageAccount_connectionString": {
                        "value": "[parameters('myStorageAccount_connectionString')]"
                    },
                    "myAzureDataLakeStorage_accountKey": {
                        "value": "[parameters('myAzureDataLakeStorage_accountKey')]"
                    },
                    "myDatabase_password": {
                        "value": "[parameters('myDatabase_password')]"
                    },
                    "myDatabaseAZ_connectionString": {
                        "value": "[parameters('myDatabaseAZ_connectionString')]"
                    },
                    "json_Users_properties_typeProperties_url": {
                        "value": "[parameters('json_Users_properties_typeProperties_url')]"
                    },
                    "weather_api_properties_typeProperties_url": {
                        "value": "[parameters('weather_api_properties_typeProperties_url')]"
                    },
                    "myKeyVault_properties_typeProperties_baseUrl": {
                        "value": "[parameters('myKeyVault_properties_typeProperties_baseUrl')]"
                    },
                    "myAzureDataLakeStorage_properties_typeProperties_url": {
                        "value": "[parameters('myAzureDataLakeStorage_properties_typeProperties_url')]"
                    },
                    "myDatabase_properties_typeProperties_server": {
                        "value": "[parameters('myDatabase_properties_typeProperties_server')]"
                    },
                    "myDatabase_properties_typeProperties_database": {
                        "value": "[parameters('myDatabase_properties_typeProperties_database')]"
                    },
                    "myDatabase_properties_typeProperties_username": {
                        "value": "[parameters('myDatabase_properties_typeProperties_username')]"
                    }
                }
            },
            "dependsOn": []
        },
        {
            "name": "myADFforAssessments_ArmTemplate_1",
            "type": "Microsoft.Resources/deployments",
            "apiVersion": "2018-02-01",
            "properties": {
                "mode": "incremental",
                "templateLink": {
                    "uri": "[concat(parameters('containerUri'), '/ArmTemplate_1.json', parameters('containerSasToken'))]",
                    "contentVersion": "1.0.0.0"
                },
                "parameters": {
                    "factoryName": {
                        "value": "[parameters('factoryName')]"
                    }
                }
            },
            "dependsOn": [
                "[resourceId('Microsoft.Resources/deployments', 'myADFforAssessments_ArmTemplate_0')]"
            ]
        }
    ]
}