{
    "$schema": "http://schema.management.azure.com/schemas/2015-01-01/deploymentTemplate.json#",
    "contentVersion": "1.0.0.0",
    "parameters": {
        "factoryName": {
            "type": "string",
            "metadata": "Data Factory name",
            "defaultValue": "myADFforAssessments"
        },
        "myStorageAccount_connectionString": {
            "type": "secureString",
            "metadata": "Secure string for 'connectionString' of 'myStorageAccount'"
        },
        "myAzureDataLakeStorage_accountKey": {
            "type": "secureString",
            "metadata": "Secure string for 'accountKey' of 'myAzureDataLakeStorage'"
        },
        "myDatabase_password": {
            "type": "secureString",
            "metadata": "Secure string for 'password' of 'myDatabase'"
        },
        "myDatabaseAZ_connectionString": {
            "type": "secureString",
            "metadata": "Secure string for 'connectionString' of 'myDatabaseAZ'"
        },
        "json_Users_properties_typeProperties_url": {
            "type": "string",
            "defaultValue": "https://jsonplaceholder.typicode.com/users"
        },
        "weather_api_properties_typeProperties_url": {
            "type": "string",
            "defaultValue": "https://api.openweathermap.org/data/2.5/weather"
        },
        "myKeyVault_properties_typeProperties_baseUrl": {
            "type": "string",
            "defaultValue": "https://myKeyVault895.vault.azure.net/"
        },
        "myAzureDataLakeStorage_properties_typeProperties_url": {
            "type": "string",
            "defaultValue": "https://mystorageaccount347.dfs.core.windows.net/"
        },
        "myDatabase_properties_typeProperties_server": {
            "type": "string",
            "defaultValue": "localhost"
        },
        "myDatabase_properties_typeProperties_database": {
            "type": "string",
            "defaultValue": "semarchy_lm"
        },
        "myDatabase_properties_typeProperties_username": {
            "type": "string",
            "defaultValue": "dbadmin"
        }
    },
    "variables": {
        "factoryId": "[concat('Microsoft.DataFactory/factories/', parameters('factoryName'))]"
    },
    "resources": [
        {
            "name": "[concat(parameters('factoryName'), '/myIntegrationRuntime')]",
            "type": "Microsoft.DataFactory/factories/integrationRuntimes",
            "apiVersion": "2018-06-01",
            "properties": {
                "type": "SelfHosted",
                "typeProperties": {}
            },
            "dependsOn": []
        },
        {
            "name": "[concat(parameters('factoryName'), '/json_Users')]",
            "type": "Microsoft.DataFactory/factories/linkedServices",
            "apiVersion": "2018-06-01",
            "properties": {
                "annotations": [],
                "type": "RestService",
                "typeProperties": {
                    "url": "[parameters('json_Users_properties_typeProperties_url')]",
                    "enableServerCertificateValidation": true,
                    "authenticationType": "Anonymous"
                }
            },
            "dependsOn": []
        },
        {
            "name": "[concat(parameters('factoryName'), '/myStorageAccount')]",
            "type": "Microsoft.DataFactory/factories/linkedServices",
            "apiVersion": "2018-06-01",
            "properties": {
                "annotations": [],
                "type": "AzureBlobStorage",
                "typeProperties": {
                    "connectionString": "[parameters('myStorageAccount_connectionString')]"
                }
            },
            "dependsOn": []
        },
        {
            "name": "[concat(parameters('factoryName'), '/weather_api')]",
            "type": "Microsoft.DataFactory/factories/linkedServices",
            "apiVersion": "2018-06-01",
            "properties": {
                "annotations": [],
                "type": "RestService",
                "typeProperties": {
                    "url": "[parameters('weather_api_properties_typeProperties_url')]",
                    "enableServerCertificateValidation": true,
                    "authenticationType": "Anonymous"
                }
            },
            "dependsOn": []
        },
        {
            "name": "[concat(parameters('factoryName'), '/myKeyVault')]",
            "type": "Microsoft.DataFactory/factories/linkedServices",
            "apiVersion": "2018-06-01",
            "properties": {
                "annotations": [],
                "type": "AzureKeyVault",
                "typeProperties": {
                    "baseUrl": "[parameters('myKeyVault_properties_typeProperties_baseUrl')]"
                }
            },
            "dependsOn": []
        },
        {
            "name": "[concat(parameters('factoryName'), '/myAzureDataLakeStorage')]",
            "type": "Microsoft.DataFactory/factories/linkedServices",
            "apiVersion": "2018-06-01",
            "properties": {
                "annotations": [],
                "type": "AzureBlobFS",
                "typeProperties": {
                    "url": "[parameters('myAzureDataLakeStorage_properties_typeProperties_url')]",
                    "accountKey": {
                        "type": "SecureString",
                        "value": "[parameters('myAzureDataLakeStorage_accountKey')]"
                    }
                }
            },
            "dependsOn": []
        },
        {
            "name": "[concat(parameters('factoryName'), '/myDatabase')]",
            "type": "Microsoft.DataFactory/factories/linkedServices",
            "apiVersion": "2018-06-01",
            "properties": {
                "annotations": [],
                "type": "PostgreSqlV2",
                "typeProperties": {
                    "server": "[parameters('myDatabase_properties_typeProperties_server')]",
                    "port": 5432,
                    "database": "[parameters('myDatabase_properties_typeProperties_database')]",
                    "username": "[parameters('myDatabase_properties_typeProperties_username')]",
                    "password": {
                        "type": "SecureString",
                        "value": "[parameters('myDatabase_password')]"
                    },
                    "sslMode": 2,
                    "authenticationType": "Basic"
                },
                "connectVia": {
                    "referenceName": "myIntegrationRuntime",
                    "type": "IntegrationRuntimeReference"
                }
            },
            "dependsOn": [
                "[concat(variables('factoryId'), '/integrationRuntimes/myIntegrationRuntime')]"
            ]
        },
        {
            "name": "[concat(parameters('factoryName'), '/myDatabaseAZ')]",
            "type": "Microsoft.DataFactory/factories/linkedServices",
            "apiVersion": "2018-06-01",
            "properties": {
                "annotations": [],
                "type": "AzurePostgreSql",
                "typeProperties": {
                    "connectionString": "[parameters('myDatabaseAZ_connectionString')]"
                },
                "connectVia": {
                    "referenceName": "myIntegrationRuntime",
                    "type": "IntegrationRuntimeReference"
                }
            },
            "dependsOn": [
                "[concat(variables('factoryId'), '/integrationRuntimes/myIntegrationRuntime')]"
            ]
        },
        {
            "name": "[concat(parameters('factoryName'), '/sales_data_source')]",
            "type": "Microsoft.DataFactory/factories/datasets",
            "apiVersion": "2018-06-01",
            "properties": {
                "linkedServiceName": {
                    "referenceName": "myStorageAccount",
                    "type": "LinkedServiceReference"
                },
                "annotations": [],
                "type": "DelimitedText",
                "typeProperties": {
                    "location": {
                        "type": "AzureBlobStorageLocation",
                        "fileName": "sales_data.csv",
                        "container": "sales-data"
                    },
                    "columnDelimiter": ",",
                    "escapeChar": "\\",
                    "firstRowAsHeader": true,
                    "quoteChar": "\""
                },
                "schema": [
                    {
                        "name": "order_id",
                        "type": "String"
                    },
                    {
                        "name": "customer_id",
                        "type": "String"
                    },
                    {
                        "name": "product_id",
                        "type": "String"
                    },
                    {
                        "name": "quantity",
                        "type": "String"
                    },
                    {
                        "name": "price",
                        "type": "String"
                    },
                    {
                        "name": "order_date",
                        "type": "String"
                    }
                ]
            },
            "dependsOn": [
                "[concat(variables('factoryId'), '/linkedServices/myStorageAccount')]"
            ]
        },
        {
            "name": "[concat(parameters('factoryName'), '/sales_data_parquet')]",
            "type": "Microsoft.DataFactory/factories/datasets",
            "apiVersion": "2018-06-01",
            "properties": {
                "linkedServiceName": {
                    "referenceName": "myStorageAccount",
                    "type": "LinkedServiceReference"
                },
                "annotations": [],
                "type": "Parquet",
                "typeProperties": {
                    "location": {
                        "type": "AzureBlobStorageLocation",
                        "fileName": "sales_data.parquet",
                        "container": "raw-lake"
                    },
                    "compressionCodec": "snappy"
                },
                "schema": []
            },
            "dependsOn": [
                "[concat(variables('factoryId'), '/linkedServices/myStorageAccount')]"
            ]
        },
        {
            "name": "[concat(parameters('factoryName'), '/user_data_parquet')]",
            "type": "Microsoft.DataFactory/factories/datasets",
            "apiVersion": "2018-06-01",
            "properties": {
                "linkedServiceName": {
                    "referenceName": "myStorageAccount",
                    "type": "LinkedServiceReference"
                },
                "annotations": [],
                "type": "Parquet",
                "typeProperties": {
                    "location": {
                        "type": "AzureBlobStorageLocation",
                        "fileName": "user_data.parquet",
                        "container": "raw-lake"
                    },
                    "compressionCodec": "snappy"
                },
                "schema": []
            },
            "dependsOn": [
                "[concat(variables('factoryId'), '/linkedServices/myStorageAccount')]"
            ]
        },
        {
            "name": "[concat(parameters('factoryName'), '/user_data_raw')]",
            "type": "Microsoft.DataFactory/factories/datasets",
            "apiVersion": "2018-06-01",
            "properties": {
                "linkedServiceName": {
                    "referenceName": "json_Users",
                    "type": "LinkedServiceReference"
                },
                "annotations": [],
                "type": "RestResource",
                "typeProperties": {},
                "schema": []
            },
            "dependsOn": [
                "[concat(variables('factoryId'), '/linkedServices/json_Users')]"
            ]
        },
        {
            "name": "[concat(parameters('factoryName'), '/user_geo_data')]",
            "type": "Microsoft.DataFactory/factories/datasets",
            "apiVersion": "2018-06-01",
            "properties": {
                "linkedServiceName": {
                    "referenceName": "myStorageAccount",
                    "type": "LinkedServiceReference"
                },
                "annotations": [],
                "type": "DelimitedText",
                "typeProperties": {
                    "location": {
                        "type": "AzureBlobStorageLocation",
                        "fileName": "user_data.txt",
                        "container": "sales-data"
                    },
                    "columnDelimiter": ",",
                    "escapeChar": "\\",
                    "firstRowAsHeader": true,
                    "quoteChar": "\""
                },
                "schema": [
                    {
                        "name": "order_id",
                        "type": "String"
                    },
                    {
                        "name": "customer_id",
                        "type": "String"
                    },
                    {
                        "name": "product_id",
                        "type": "String"
                    },
                    {
                        "name": "quantity",
                        "type": "String"
                    },
                    {
                        "name": "price",
                        "type": "String"
                    },
                    {
                        "name": "order_date",
                        "type": "String"
                    }
                ]
            },
            "dependsOn": [
                "[concat(variables('factoryId'), '/linkedServices/myStorageAccount')]"
            ]
        },
        {
            "name": "[concat(parameters('factoryName'), '/geo_info_per_user')]",
            "type": "Microsoft.DataFactory/factories/datasets",
            "apiVersion": "2018-06-01",
            "properties": {
                "linkedServiceName": {
                    "referenceName": "myStorageAccount",
                    "type": "LinkedServiceReference"
                },
                "parameters": {
                    "id": {
                        "type": "string"
                    }
                },
                "annotations": [],
                "type": "DelimitedText",
                "typeProperties": {
                    "location": {
                        "type": "AzureBlobStorageLocation",
                        "folderPath": {
                            "value": "@concat('geo_info_per_user/',dataset().id)",
                            "type": "Expression"
                        },
                        "container": "raw-lake"
                    },
                    "columnDelimiter": ",",
                    "escapeChar": "\\",
                    "firstRowAsHeader": true,
                    "quoteChar": "\""
                },
                "schema": []
            },
            "dependsOn": [
                "[concat(variables('factoryId'), '/linkedServices/myStorageAccount')]"
            ]
        },
        {
            "name": "[concat(parameters('factoryName'), '/geo_info_source')]",
            "type": "Microsoft.DataFactory/factories/datasets",
            "apiVersion": "2018-06-01",
            "properties": {
                "linkedServiceName": {
                    "referenceName": "weather_api",
                    "type": "LinkedServiceReference"
                },
                "parameters": {
                    "lat": {
                        "type": "string"
                    },
                    "lon": {
                        "type": "string"
                    },
                    "appid": {
                        "type": "string"
                    }
                },
                "annotations": [],
                "type": "RestResource",
                "typeProperties": {
                    "relativeUrl": {
                        "value": "@concat('?lat=',dataset().lat,'&lon=',dataset().lon,'&appid=',dataset().appid)",
                        "type": "Expression"
                    }
                },
                "schema": []
            },
            "dependsOn": [
                "[concat(variables('factoryId'), '/linkedServices/weather_api')]"
            ]
        },
        {
            "name": "[concat(parameters('factoryName'), '/geo_data_parquet')]",
            "type": "Microsoft.DataFactory/factories/datasets",
            "apiVersion": "2018-06-01",
            "properties": {
                "linkedServiceName": {
                    "referenceName": "myStorageAccount",
                    "type": "LinkedServiceReference"
                },
                "annotations": [],
                "type": "Parquet",
                "typeProperties": {
                    "location": {
                        "type": "AzureBlobStorageLocation",
                        "fileName": "geo_data.parquet",
                        "container": "raw-lake"
                    },
                    "compressionCodec": "snappy"
                },
                "schema": [
                    {
                        "name": "order_id",
                        "type": "UTF8"
                    },
                    {
                        "name": "customer_id",
                        "type": "UTF8"
                    },
                    {
                        "name": "product_id",
                        "type": "UTF8"
                    },
                    {
                        "name": "quantity",
                        "type": "UTF8"
                    },
                    {
                        "name": "price",
                        "type": "UTF8"
                    },
                    {
                        "name": "order_date",
                        "type": "UTF8"
                    }
                ]
            },
            "dependsOn": [
                "[concat(variables('factoryId'), '/linkedServices/myStorageAccount')]"
            ]
        },
        {
            "name": "[concat(parameters('factoryName'), '/geo_data_temp')]",
            "type": "Microsoft.DataFactory/factories/datasets",
            "apiVersion": "2018-06-01",
            "properties": {
                "linkedServiceName": {
                    "referenceName": "myStorageAccount",
                    "type": "LinkedServiceReference"
                },
                "annotations": [],
                "type": "DelimitedText",
                "typeProperties": {
                    "location": {
                        "type": "AzureBlobStorageLocation",
                        "folderPath": "geo_info_per_user",
                        "container": "raw-lake"
                    },
                    "columnDelimiter": ",",
                    "escapeChar": "\\",
                    "firstRowAsHeader": true,
                    "quoteChar": "\""
                },
                "schema": []
            },
            "dependsOn": [
                "[concat(variables('factoryId'), '/linkedServices/myStorageAccount')]"
            ]
        },
        {
            "name": "[concat(parameters('factoryName'), '/sales_per_user_parquet')]",
            "type": "Microsoft.DataFactory/factories/datasets",
            "apiVersion": "2018-06-01",
            "properties": {
                "linkedServiceName": {
                    "referenceName": "myAzureDataLakeStorage",
                    "type": "LinkedServiceReference"
                },
                "annotations": [],
                "type": "Parquet",
                "typeProperties": {
                    "location": {
                        "type": "AzureBlobFSLocation",
                        "fileName": "SalesPerUser-00001.parquet",
                        "fileSystem": "silver-lake"
                    },
                    "compressionCodec": "snappy"
                },
                "schema": []
            },
            "dependsOn": [
                "[concat(variables('factoryId'), '/linkedServices/myAzureDataLakeStorage')]"
            ]
        },
        {
            "name": "[concat(parameters('factoryName'), '/sales_with_geo_data_parquet')]",
            "type": "Microsoft.DataFactory/factories/datasets",
            "apiVersion": "2018-06-01",
            "properties": {
                "linkedServiceName": {
                    "referenceName": "myAzureDataLakeStorage",
                    "type": "LinkedServiceReference"
                },
                "annotations": [],
                "type": "Parquet",
                "typeProperties": {
                    "location": {
                        "type": "AzureBlobFSLocation",
                        "fileName": "SalesWithGeoInfo-00001.parquet",
                        "fileSystem": "silver-lake"
                    },
                    "compressionCodec": "snappy"
                },
                "schema": []
            },
            "dependsOn": [
                "[concat(variables('factoryId'), '/linkedServices/myAzureDataLakeStorage')]"
            ]
        },
        {
            "name": "[concat(parameters('factoryName'), '/00_01 getSalesData')]",
            "type": "Microsoft.DataFactory/factories/pipelines",
            "apiVersion": "2018-06-01",
            "properties": {
                "activities": [
                    {
                        "name": "Copy Sales Data to Raw Lake",
                        "type": "Copy",
                        "dependsOn": [],
                        "policy": {
                            "timeout": "0.12:00:00",
                            "retry": 0,
                            "retryIntervalInSeconds": 30,
                            "secureOutput": false,
                            "secureInput": false
                        },
                        "userProperties": [],
                        "typeProperties": {
                            "source": {
                                "type": "DelimitedTextSource",
                                "storeSettings": {
                                    "type": "AzureBlobStorageReadSettings",
                                    "recursive": true,
                                    "enablePartitionDiscovery": false
                                },
                                "formatSettings": {
                                    "type": "DelimitedTextReadSettings"
                                }
                            },
                            "sink": {
                                "type": "ParquetSink",
                                "storeSettings": {
                                    "type": "AzureBlobStorageWriteSettings"
                                },
                                "formatSettings": {
                                    "type": "ParquetWriteSettings"
                                }
                            },
                            "enableStaging": false,
                            "translator": {
                                "type": "TabularTranslator",
                                "mappings": [
                                    {
                                        "source": {
                                            "name": "order_id",
                                            "type": "String",
                                            "physicalType": "String"
                                        },
                                        "sink": {
                                            "name": "order_id",
                                            "type": "String",
                                            "physicalType": "UTF8"
                                        }
                                    },
                                    {
                                        "source": {
                                            "name": "customer_id",
                                            "type": "String",
                                            "physicalType": "String"
                                        },
                                        "sink": {
                                            "name": "customer_id",
                                            "type": "String",
                                            "physicalType": "UTF8"
                                        }
                                    },
                                    {
                                        "source": {
                                            "name": "product_id",
                                            "type": "String",
                                            "physicalType": "String"
                                        },
                                        "sink": {
                                            "name": "product_id",
                                            "type": "String",
                                            "physicalType": "UTF8"
                                        }
                                    },
                                    {
                                        "source": {
                                            "name": "quantity",
                                            "type": "String",
                                            "physicalType": "String"
                                        },
                                        "sink": {
                                            "name": "quantity",
                                            "type": "String",
                                            "physicalType": "UTF8"
                                        }
                                    },
                                    {
                                        "source": {
                                            "name": "price",
                                            "type": "String",
                                            "physicalType": "String"
                                        },
                                        "sink": {
                                            "name": "price",
                                            "type": "String",
                                            "physicalType": "UTF8"
                                        }
                                    },
                                    {
                                        "source": {
                                            "name": "order_date",
                                            "type": "String",
                                            "physicalType": "String"
                                        },
                                        "sink": {
                                            "name": "order_date",
                                            "type": "String",
                                            "physicalType": "UTF8"
                                        }
                                    }
                                ],
                                "typeConversion": true,
                                "typeConversionSettings": {
                                    "allowDataTruncation": true,
                                    "treatBooleanAsNumber": false
                                }
                            }
                        },
                        "inputs": [
                            {
                                "referenceName": "sales_data_source",
                                "type": "DatasetReference",
                                "parameters": {}
                            }
                        ],
                        "outputs": [
                            {
                                "referenceName": "sales_data_parquet",
                                "type": "DatasetReference",
                                "parameters": {}
                            }
                        ]
                    }
                ],
                "policy": {
                    "elapsedTimeMetric": {}
                },
                "folder": {
                    "name": "Assessment"
                },
                "annotations": [],
                "lastPublishTime": "2024-03-26T09:31:51Z"
            },
            "dependsOn": [
                "[concat(variables('factoryId'), '/datasets/sales_data_source')]",
                "[concat(variables('factoryId'), '/datasets/sales_data_parquet')]"
            ]
        }
    ]
}