{
    "$schema": "https://schema.management.azure.com/schemas/2015-01-01/deploymentParameters.json#",
    "contentVersion": "1.0.0.0",
    "parameters": {
        "factoryName": {
            "value": "myADFforAssessments"
        },
        "myDatabase_password": {
            "value": ""
        },
        "myStorageAccount_connectionString": {
            "value": ""
        },
        "myDatabaseAZ_connectionString": {
            "value": ""
        },
        "myAzureDataLakeStorage_accountKey": {
            "value": ""
        },
        "myDatabase_properties_typeProperties_server": {
            "value": "localhost"
        },
        "myDatabase_properties_typeProperties_database": {
            "value": "semarchy_lm"
        },
        "myDatabase_properties_typeProperties_username": {
            "value": "dbadmin"
        },
        "json_Users_properties_typeProperties_url": {
            "value": "https://jsonplaceholder.typicode.com/users"
        },
        "weather_api_properties_typeProperties_url": {
            "value": "https://api.openweathermap.org/data/2.5/weather"
        },
        "myKeyVault_properties_typeProperties_baseUrl": {
            "value": "https://myKeyVault895.vault.azure.net/"
        },
        "myAzureDataLakeStorage_properties_typeProperties_url": {
            "value": "https://mystorageaccount347.dfs.core.windows.net/"
        }
    }
}